condition_name,condition_type,market_name,collision_policy,n_seeds,steps,n_agents,n_arms,threshold,threshold_ratio,halt_duration,halted_reward,transparent,avg_global_reward_mean,avg_global_reward_std,avg_global_reward_ci95,avg_reward_per_agent_per_step_mean,avg_reward_per_agent_per_step_std,avg_reward_per_agent_per_step_ci95,reward_volatility_mean,reward_volatility_std,reward_volatility_ci95,total_collisions_mean,total_collisions_std,total_collisions_ci95,avg_collisions_per_step_mean,avg_collisions_per_step_std,avg_collisions_per_step_ci95,total_halted_choices_mean,total_halted_choices_std,total_halted_choices_ci95,total_triggers_mean,total_triggers_std,total_triggers_ci95,gini_total_rewards_mean,gini_total_rewards_std,gini_total_rewards_ci95,market_wide_halt_steps_mean,market_wide_halt_steps_std,market_wide_halt_steps_ci95,avg_available_arms_mean,avg_available_arms_std,avg_available_arms_ci95,baseline_condition,relative_efficiency
low_congestion_baseline,baseline,low_congestion,linear_share,30,10000,5,10,,,,,,7.683392692647113,0.15307820084533527,0.054778330661327056,1.5366785385294226,0.030615640169067072,0.010955666132265418,2.976080669071621,0.23163313292316756,0.08288885208550613,4675.133333333333,79.31418681348916,28.382217241978847,0.46751333333333334,0.007931418681348919,0.002838221724197886,0.0,0.0,0.0,0.0,0.0,0.0,0.09464788233678141,0.008113763886278186,0.0029034731177664244,0.0,0.0,0.0,10.0,0.0,0.0,low_congestion_baseline,1.0
low_congestion_cb_opaque_ratio06_halt3,circuit_breaker,low_congestion,linear_share,30,10000,5,10,3,0.6,3,0.0,False,7.609663352229637,0.16260375470289898,0.05818700633206548,1.5219326704459275,0.0325207509405798,0.011637401266413097,2.898852761873442,0.25867619912897605,0.09256608904372374,4662.133333333333,74.67665163121988,26.722696590017737,0.4662133333333333,0.007467665163121987,0.0026722696590017734,167.93333333333334,24.588942473274912,8.799040059102232,87.53333333333333,11.554170267687448,4.134606730060374,0.0958493695623254,0.00802843387692425,0.002872938166075643,0.0,0.0,0.0,9.97374,0.0034662510803064026,0.0012403820190181722,low_congestion_baseline,0.9904040645367465
low_congestion_cb_transparent_ratio06_halt3,circuit_breaker,low_congestion,linear_share,30,10000,5,10,3,0.6,3,0.0,True,7.71727182261908,0.1332777817067657,0.04769284167062937,1.5434543645238157,0.026655556341353158,0.00953856833412588,3.02140764207729,0.20591984763377924,0.07368747111687116,4719.6,78.85674484086033,28.21852373436864,0.47196,0.007885674484086029,0.0028218523734368627,0.0,0.0,0.0,97.33333333333333,10.056164118669166,3.598552114115851,0.0928478537663222,0.0051821184935704695,0.0018543972871342476,0.0,0.0,0.0,9.9708,0.0030168492356007297,0.001079565634234748,low_congestion_baseline,1.0044093971670076
low_congestion_cb_opaque_ratio06_halt5,circuit_breaker,low_congestion,linear_share,30,10000,5,10,3,0.6,5,0.0,False,7.570766039218667,0.15670387408650305,0.05607576116794296,1.5141532078437336,0.031340774817300604,0.011215152233588589,2.8946560341718945,0.24220191462928448,0.08667084204742107,4659.666666666667,78.35389800982038,28.038582306846003,0.46596666666666664,0.007835389800982032,0.0028038582306845984,325.8333333333333,36.90255886215362,13.205411093396293,90.03333333333333,8.786680096967043,3.144273091197813,0.09701050641586978,0.008255289908526732,0.0029541175544079688,0.0,0.0,0.0,9.95502,0.004376221011881036,0.0015660105770257467,low_congestion_baseline,0.985341546640428
low_congestion_cb_transparent_ratio06_halt5,circuit_breaker,low_congestion,linear_share,30,10000,5,10,3,0.6,5,0.0,True,7.633086122147172,0.14794468995238785,0.05294132738068674,1.5266172244294343,0.02958893799047759,0.010588265476137355,2.8767481627692972,0.25355023387685444,0.09073178593597496,4744.5,114.1879122777224,40.861619627967386,0.47445,0.011418791227772243,0.0040861619627967395,0.0,0.0,0.0,99.16666666666667,14.465376816273457,5.176368614255686,0.09479255674079227,0.007201544197051333,0.0025770394943223566,0.0,0.0,0.0,9.950423333333333,0.00723571998339915,0.002589269142403099,low_congestion_baseline,0.9934525576770162
low_congestion_cb_opaque_ratio06_halt10,circuit_breaker,low_congestion,linear_share,30,10000,5,10,3,0.6,10,0.0,False,7.522857452647225,0.14671620505639849,0.05250171970648273,1.5045714905294447,0.029343241011279702,0.010500343941296548,2.951590694461687,0.19894794684715067,0.07119260846158183,4676.3,63.06654941545806,22.568074869388944,0.46763,0.006306654941545806,0.002256807486938894,636.6666666666666,76.58861594227972,27.406884231795104,85.36666666666666,9.611355831491217,3.43937951278282,0.09358708887407093,0.007176970373678515,0.002568245864563869,0.0,0.0,0.0,9.914656666666668,0.009600563321595017,0.003435517462716286,low_congestion_baseline,0.9791062039359879
low_congestion_cb_transparent_ratio06_halt10,circuit_breaker,low_congestion,linear_share,30,10000,5,10,3,0.6,10,0.0,True,7.188750249721214,1.4797274378847174,0.5295136631700057,1.4377500499442428,0.29594548757694344,0.10590273263400113,2.77445194291123,0.3706411579039667,0.13263223497690665,5119.4,1286.3760001621233,460.32373977841524,0.51194,0.12863760001621236,0.04603237397784153,0.0,0.0,0.0,733.4,2386.7758024235295,854.0967518406422,0.09119918853185496,0.021827248549631445,0.007810780580617974,0.0,0.0,0.0,9.2669,2.3856344793294544,0.8536883346166784,low_congestion_baseline,0.9356218713903216
low_congestion_cb_opaque_ratio08_halt3,circuit_breaker,low_congestion,linear_share,30,10000,5,10,4,0.8,3,0.0,False,7.661295115333751,0.16096334770100645,0.05759999422536052,1.53225902306675,0.032192669540201294,0.011519998845072104,2.9210550322097575,0.24916999447827443,0.08916433739773653,4687.3,99.80952549386429,35.716379997025925,0.46873,0.009980952549386428,0.0035716379997025927,1.6333333333333333,1.7904600320690718,0.640707893945427,1.0333333333333334,0.9278574999588488,0.332029542146836,0.0951059259416828,0.0068806885496857165,0.002462222775489177,0.0,0.0,0.0,9.99969,0.0002783572499877739,9.960886264409347e-05,low_congestion_baseline,0.997123981788083
low_congestion_cb_transparent_ratio08_halt3,circuit_breaker,low_congestion,linear_share,30,10000,5,10,4,0.8,3,0.0,True,7.700095667152963,0.15774011274986108,0.056446574411318014,1.5400191334305926,0.031548022549972216,0.011289314882263602,2.9929595083833846,0.22555657520039676,0.08071438383083351,4688.3,76.4443227634245,27.355249580879057,0.46882999999999997,0.00764443227634245,0.002735524958087906,0.0,0.0,0.0,0.9333333333333333,0.8683449709106095,0.31073325713241995,0.09494661789720495,0.007779042685457106,0.0027836946743520084,0.0,0.0,0.0,9.99972,0.0002605034912732482,9.321997713974937e-05,low_congestion_baseline,1.0021739061341788
low_congestion_cb_opaque_ratio08_halt5,circuit_breaker,low_congestion,linear_share,30,10000,5,10,4,0.8,5,0.0,False,7.6824327311086416,0.1432956034410174,0.05127767313869395,1.5364865462217283,0.028659120688203494,0.010255534627738795,2.9496749191251963,0.23919394694269097,0.08559445463468106,4671.6,77.39535760825933,27.695573029372174,0.46716,0.007739535760825936,0.0027695573029372185,2.7333333333333334,2.728310495695008,0.9763133722152347,0.9666666666666667,0.8502873077655143,0.30427140536469305,0.09411962246326727,0.0062319655083230285,0.002230080216515079,0.0,0.0,0.0,9.999516666666667,0.0004251436538825323,0.00015213570268226607,low_congestion_baseline,0.9998750602010242
low_congestion_cb_transparent_ratio08_halt5,circuit_breaker,low_congestion,linear_share,30,10000,5,10,4,0.8,5,0.0,True,7.691724742681935,0.1593803336839563,0.05703351993451683,1.5383449485363871,0.03187606673679125,0.011406703986903362,2.9756603771247625,0.23383536020523116,0.08367690899747729,4663.266666666666,90.15233595509835,32.26059910273572,0.46632666666666667,0.009015233595509837,0.003226059910273573,0.0,0.0,0.0,0.8,0.7611243951073873,0.27236486684162325,0.09501757863710827,0.00741906878768687,0.0026548796693897547,0.0,0.0,0.0,9.9996,0.00038056219755369197,0.00013618243342081103,low_congestion_baseline,1.001084423296859
low_congestion_cb_opaque_ratio08_halt10,circuit_breaker,low_congestion,linear_share,30,10000,5,10,4,0.8,10,0.0,False,7.684824306494575,0.15346757252335463,0.05491766552684622,1.536964861298915,0.030693514504670952,0.010983533105369253,2.954317789609397,0.23501800124122382,0.084100111657069,4668.633333333333,85.17425680913516,30.479216358426193,0.46686333333333335,0.008517425680913512,0.003047921635842618,5.7,6.5870824476708805,2.3571571812273135,1.0333333333333334,1.0661996103898193,0.381534630576966,0.09492157956303622,0.006860447421932425,0.0024549795809460937,0.0,0.0,0.0,9.998966666666666,0.0010661996103899023,0.0003815346305769957,low_congestion_baseline,1.000186325742381
low_congestion_cb_transparent_ratio08_halt10,circuit_breaker,low_congestion,linear_share,30,10000,5,10,4,0.8,10,0.0,True,7.674265061872505,0.16099202809519075,0.057610257372611065,1.534853012374501,0.03219840561903816,0.011522051474522217,2.9475428373550168,0.24476454162322284,0.08758786633997484,4656.566666666667,72.5903400685268,25.97611958550211,0.46565666666666666,0.007259034006852682,0.002597611958550212,0.0,0.0,0.0,1.1,1.1551981469084383,0.4133823478539467,0.0958375830786415,0.007505966147481467,0.0026859754902325552,0.0,0.0,0.0,9.998899999999999,0.0011551981469084926,0.00041338234785396607,low_congestion_baseline,0.998812031202916
balanced_baseline,baseline,balanced,linear_share,30,10000,5,5,,,,,,6.459998226783728,0.06214244413896964,0.02223738804316667,1.291999645356746,0.012428488827793922,0.004447477608633331,2.6419500082947778,0.049487504771554516,0.017708876149642967,8934.0,87.71544903835355,31.388570318934033,0.8934,0.008771544903835355,0.003138857031893403,0.0,0.0,0.0,0.0,0.0,0.0,0.1358267461526633,0.0034352669285849144,0.0012292944827204646,0.0,0.0,0.0,5.0,0.0,0.0,balanced_baseline,1.0
balanced_cb_opaque_ratio06_halt3,circuit_breaker,balanced,linear_share,30,10000,5,5,3,0.6,3,0.0,False,6.376821212082306,0.05336908562351782,0.019097882018691243,1.2753642424164613,0.010673817124703552,0.003819576403738244,2.6499678958155304,0.03554874092941828,0.01272095356799371,8849.933333333332,42.65736249128213,15.26474112436466,0.8849933333333334,0.004265736249128213,0.0015264741124364663,691.8666666666667,44.56822227531192,15.94853351622047,296.46666666666664,21.632882590986398,7.741227615576782,0.13543692514122446,0.0037782623211174444,0.0013520338076125965,0.0,0.0,0.0,4.911076666666667,0.0065074855217735796,0.002328673787103595,balanced_baseline,0.9871242975955374
balanced_cb_transparent_ratio06_halt3,circuit_breaker,balanced,linear_share,30,10000,5,5,3,0.6,3,0.0,True,6.3977965742030385,0.04460531424796417,0.015961806708168155,1.2795593148406077,0.008921062849592822,0.0031923613416336262,2.6592553217936703,0.01671812639197314,0.005982504696816013,9146.2,63.71618102286052,22.80054255454482,0.91462,0.00637161810228606,0.002280054255454485,0.0,0.0,0.0,423.3333333333333,35.928409020058815,12.85681604936475,0.13434661230968312,0.003226621298717387,0.0011546316029582967,0.0,0.0,0.0,4.87301,0.010776262227052838,0.0038562359128004957,balanced_baseline,0.9903712585674099
balanced_cb_opaque_ratio06_halt5,circuit_breaker,balanced,linear_share,30,10000,5,5,3,0.6,5,0.0,False,6.290196268475105,0.08028366613646812,0.028729140962209382,1.2580392536950211,0.01605673322729365,0.005745828192441885,2.6579916573571105,0.05157581370196916,0.018456167903018326,8850.866666666667,50.79080376531205,18.175255704905428,0.8850866666666666,0.005079080376531204,0.0018175255704905426,1283.2333333333333,105.33319329250112,37.69299913329842,286.73333333333335,21.899351798521394,7.836582396863777,0.13421823968710242,0.006188241406261759,0.0022144337475380766,0.0,0.0,0.0,4.856653333333333,0.010941529028031954,0.003915375878003775,balanced_baseline,0.9737148599198355
balanced_cb_transparent_ratio06_halt5,circuit_breaker,balanced,linear_share,30,10000,5,5,3,0.6,5,0.0,True,1.5050859047439387,0.013857734712937705,0.004958926680156261,0.3010171809487877,0.0027715469425875407,0.000991785336031252,1.2360819445283588,0.01609195034297213,0.005758430475437902,10004.533333333333,4.183162747815658,1.4969255644800343,1.0004533333333334,0.0004183162747815599,0.00014969255644800133,0.0,0.0,0.0,9994.966666666667,8.318999166151945,2.976915619456484,0.0004801171052340199,0.0004112251582130954,0.00014715503297306953,0.0,0.0,0.0,0.0035166666666666666,0.0041594995830759735,0.0014884578097282422,balanced_baseline,0.23298549812346975
balanced_cb_opaque_ratio06_halt10,circuit_breaker,balanced,linear_share,30,10000,5,5,3,0.6,10,0.0,False,6.090035845386259,0.07101024824482527,0.02541069098811852,1.218007169077252,0.014202049648965065,0.005082138197623708,2.6768691479008893,0.0245620117154398,0.008789403011178325,8843.5,48.72282620192971,17.435239437784432,0.88435,0.004872282620192962,0.0017435239437784398,2637.8,184.86032005553403,66.1514159575999,273.4,18.108104491521527,6.479901971729078,0.1334517560293163,0.006464856659277954,0.0023134192445716964,0.0,0.0,0.0,4.726756666666666,0.0180304853594919,0.006452126322051433,balanced_baseline,0.9427302657973539
balanced_cb_transparent_ratio06_halt10,circuit_breaker,balanced,linear_share,30,10000,5,5,3,0.6,10,0.0,True,0.7541727728994725,0.010081816300630366,0.0036077316295393107,0.1508345545798945,0.0020163632601260745,0.0007215463259078625,1.1532909188306353,0.013019708019058423,0.0046590426791238765,5006.3,5.12027747092971,1.8322677613889538,0.50063,0.0005120277470929794,0.00018322677613889833,0.0,0.0,0.0,4999.266666666666,1.284746944983205,0.4597407898693913,0.0007604556736195682,0.00041691043271290494,0.00014918948232465055,4997.333333333333,2.795727446304984,1.0004382181586677,0.002483333333333333,0.0017561877468821067,0.0006284437141985818,balanced_baseline,0.11674504333029145
balanced_cb_opaque_ratio08_halt3,circuit_breaker,balanced,linear_share,30,10000,5,5,4,0.8,3,0.0,False,6.450285725477284,0.109326956565151,0.03912214896602553,1.2900571450954568,0.0218653913130302,0.007824429793205107,2.6297529558595034,0.080524799761609,0.028815429521772986,8931.2,118.4900403205789,42.40111637654145,0.89312,0.011849004032057884,0.0042401116376541426,14.3,8.251018745877843,2.9525891384833165,5.733333333333333,2.911728167178425,1.041948543011374,0.13515107671881557,0.004884818773991212,0.001748009948801948,0.0,0.0,0.0,4.998279999999999,0.0008735184501535407,0.0003125845629034169,balanced_baseline,0.9984965164129338
balanced_cb_transparent_ratio08_halt3,circuit_breaker,balanced,linear_share,30,10000,5,5,4,0.8,3,0.0,True,6.472737182022507,0.055321794392472756,0.01979664987747449,1.294547436404501,0.011064358878494574,0.0039593299754949055,2.639570286508491,0.0371931723553292,0.01330940579633835,8903.233333333334,60.35908829853119,21.599222351547077,0.8903233333333332,0.006035908829853127,0.0021599222351547103,0.0,0.0,0.0,5.333333333333333,3.0437424030446394,1.0891892306099196,0.1364493052346476,0.003221142443403976,0.0011526710197639148,0.0,0.0,0.0,4.9984,0.0009131227209134337,0.0003267567691829909,balanced_baseline,1.0019719750364573
balanced_cb_opaque_ratio08_halt5,circuit_breaker,balanced,linear_share,30,10000,5,5,4,0.8,5,0.0,False,6.464125179382385,0.0436688634741346,0.015626702102459332,1.2928250358764768,0.00873377269482693,0.0031253404204918695,2.6473125374734496,0.02642397457279369,0.009455697862541865,8893.666666666666,68.79571625263192,24.61823089217697,0.8893666666666667,0.006879571625263199,0.002461823089217699,23.666666666666668,10.376808802302383,3.7132933405469313,5.1,2.2026629651244956,0.7882128191522021,0.13601783040560428,0.00435605339076117,0.0015587936864936156,0.0,0.0,0.0,4.99745,0.0011013314825621824,0.0003941064095760776,balanced_baseline,1.0006388473268528
balanced_cb_transparent_ratio08_halt5,circuit_breaker,balanced,linear_share,30,10000,5,5,4,0.8,5,0.0,True,6.443896031804894,0.11326197299592881,0.040530276511375314,1.2887792063609786,0.02265239459918579,0.008106055302275072,2.6280507287084185,0.0903739017266618,0.032339885395825864,8933.133333333333,91.39181783844816,32.70414199832711,0.8933133333333333,0.009139181783844813,0.00327041419983271,0.0,0.0,0.0,6.066666666666666,2.778406059215438,0.9942398393936687,0.13594179178749527,0.004038554967621644,0.0014451783349207345,0.0,0.0,0.0,4.996966666666666,0.0013892030296077337,0.0004971199196968396,balanced_baseline,0.9975073994738768
balanced_cb_opaque_ratio08_halt10,circuit_breaker,balanced,linear_share,30,10000,5,5,4,0.8,10,0.0,False,6.462138248087471,0.04855664604912268,0.01737577263382708,1.2924276496174942,0.009711329209824527,0.0034751545267654132,2.650211474696001,0.02218895043177316,0.007940213936846156,8928.066666666668,118.68472676724707,42.47078402674883,0.8928066666666666,0.011868472676724702,0.004247078402674881,45.766666666666666,20.99373196002072,7.5125104996707215,4.933333333333334,2.1961303480775283,0.7858751521643065,0.13499418058325696,0.005128109900382527,0.0018350705602726523,0.0,0.0,0.0,4.995066666666667,0.0021961303480775517,0.0007858751521643149,balanced_baseline,1.0003312727385696
balanced_cb_transparent_ratio08_halt10,circuit_breaker,balanced,linear_share,30,10000,5,5,4,0.8,10,0.0,True,4.9507112158950015,2.5636754020012535,0.9173994605608448,0.9901422431790005,0.5127350804002507,0.18347989211216897,2.2592913610339758,0.6518449618776032,0.2332597238827528,7892.966666666666,1751.3068909922047,626.6971223496387,0.7892966666666666,0.17513068909922047,0.06266971223496387,0.0,0.0,0.0,1330.5333333333333,2236.853373847279,800.4476997826248,0.10006627070233594,0.05908460788117959,0.021143155391408125,1326.0333333333333,2236.628242556706,800.3671375849434,3.6701133333333336,2.235764018102912,0.8000578788359244,balanced_baseline,0.7663641756694161
high_congestion_baseline,baseline,high_congestion,linear_share,30,10000,10,5,,,,,,7.395639801423636,0.025394946468169248,0.009087464884471598,0.7395639801423636,0.002539494646816912,0.0009087464884471551,2.6418730994291293,0.016822841008725907,0.0060199763411773995,35027.03333333333,499.2431156318003,178.65185452565538,3.5027033333333333,0.049924311563180036,0.017865185452565543,0.0,0.0,0.0,0.0,0.0,0.0,0.08849569140701743,0.02083494418717786,0.007455689024909922,0.0,0.0,0.0,5.0,0.0,0.0,high_congestion_baseline,1.0
high_congestion_cb_opaque_ratio06_halt3,circuit_breaker,high_congestion,linear_share,30,10000,10,5,6,0.6,3,0.0,False,7.377122942961375,0.028961861893963006,0.010363869176892916,0.7377122942961375,0.0028961861893963,0.0010363869176892916,2.6407602153043612,0.01801153856569362,0.006445346298965699,35188.23333333333,380.10349619030336,136.0182892460053,3.518823333333333,0.03801034961903036,0.013601828924600538,69.63333333333334,23.02544819037875,8.239550815417472,14.866666666666667,4.4623585331258315,1.596834493135539,0.0832706554626366,0.013395643939306916,0.004793569620472298,0.0,0.0,0.0,4.99554,0.0013387075599377233,0.00047905034794065227,high_congestion_baseline,0.9974962465777881
high_congestion_cb_transparent_ratio06_halt3,circuit_breaker,high_congestion,linear_share,30,10000,10,5,6,0.6,3,0.0,True,7.3850207381753545,0.03422875046858469,0.012248601047948112,0.7385020738175355,0.0034228750468584617,0.0012248601047948088,2.637437101150148,0.016843726140603858,0.006027449989636803,35187.1,398.14261437242607,142.47350478396075,3.51871,0.03981426143724263,0.014247350478396084,0.0,0.0,0.0,19.166666666666668,5.711955600458498,2.043997060828202,0.08263661254463243,0.015530585683771532,0.005557548712042062,0.0,0.0,0.0,4.99425,0.0017135866801375823,0.0006131991182484725,high_congestion_baseline,0.9985641454244112
high_congestion_cb_opaque_ratio06_halt5,circuit_breaker,high_congestion,linear_share,30,10000,10,5,6,0.6,5,0.0,False,7.379718966201784,0.028804251338297615,0.010307468963888861,0.7379718966201785,0.0028804251338297587,0.0010307468963888853,2.636748190775682,0.02108224165129353,0.0075441832859231076,35227.7,453.2520156107112,162.19415074731788,3.52277,0.04532520156107112,0.016219415074731788,130.23333333333332,35.62804332635133,12.749331566281157,14.833333333333334,3.788215241065861,1.3555954142748732,0.08533973968047377,0.015843731362756217,0.005669606454123315,0.0,0.0,0.0,4.992583333333333,0.0018941076205330125,0.0006777977071374659,high_congestion_baseline,0.9978472673562623
high_congestion_cb_transparent_ratio06_halt5,circuit_breaker,high_congestion,linear_share,30,10000,10,5,6,0.6,5,0.0,True,5.029221268467847,2.814141706646782,1.0070276765943986,0.5029221268467846,0.2814141706646782,0.10070276765943985,2.245240336699727,0.6607133832776118,0.23643324772358032,25026.366666666665,12047.517519313302,4311.148776747496,2.5026366666666666,1.20475175193133,0.43111487767474954,0.0,0.0,0.0,4019.866666666667,4759.7839615805615,1703.2668158111978,0.054459904627044295,0.039081867106549255,0.01398526653306844,0.0,0.0,0.0,2.9905333333333335,2.379428089548691,0.8514674065567304,high_congestion_baseline,0.6800251774700734
high_congestion_cb_opaque_ratio06_halt10,circuit_breaker,high_congestion,linear_share,30,10000,10,5,6,0.6,10,0.0,False,7.365205150108867,0.034255801945646806,0.012258281294692608,0.7365205150108868,0.0034255801945646744,0.0012258281294692584,2.638176787202342,0.01692111421160768,0.006055142955188264,35202.46666666667,369.8128821662274,132.3358403107159,3.5202466666666665,0.03698128821662273,0.013233584031071586,277.56666666666666,88.58609034322969,31.70012530862261,15.133333333333333,4.6217874832395625,1.6538854102360208,0.08388191499877805,0.013914746120920354,0.004979327950491916,0.0,0.0,0.0,4.984866666666666,0.004621787483239548,0.0016538854102360156,high_congestion_baseline,0.9958847845308922
high_congestion_cb_transparent_ratio06_halt10,circuit_breaker,high_congestion,linear_share,30,10000,10,5,6,0.6,10,0.0,True,0.8585331248085217,0.2891170198976225,0.10345919685697723,0.08585331248085218,0.028911701989762253,0.010345919685697725,1.3555408959941835,0.3906283592698416,0.13978456312923865,5479.866666666667,1298.565780027131,464.68579648176546,0.5479866666666666,0.12985657800271308,0.046468579648176536,0.0,0.0,0.0,4918.7,221.18382899049504,79.1496166957267,0.008330826280571246,0.012338808616160286,0.004415385957049259,4913.033333333334,222.41844430670784,79.59141811263372,0.08367333333333332,0.22122733966689548,0.07916518679131183,high_congestion_baseline,0.11608638980000852
high_congestion_cb_opaque_ratio08_halt3,circuit_breaker,high_congestion,linear_share,30,10000,10,5,8,0.8,3,0.0,False,7.3962018840377555,0.025700281579633017,0.009196727650861011,0.7396201884037755,0.0025700281579632894,0.0009196727650860966,2.643338345269312,0.018057660459863355,0.0064618508068290306,35025.666666666664,495.35973228333376,177.2622036415173,3.5025666666666666,0.049535973228333384,0.01772622036415173,0.36666666666666664,1.4499306364701425,0.5188510147228462,0.06666666666666667,0.2537081317024624,0.09078828894720775,0.08856914888654015,0.020790321323116232,0.0074397209380815885,0.0,0.0,0.0,4.99998,7.611243951078668e-05,2.7236486684179483e-05,high_congestion_baseline,1.0000760018915484
high_congestion_cb_transparent_ratio08_halt3,circuit_breaker,high_congestion,linear_share,30,10000,10,5,8,0.8,3,0.0,True,7.393496138920043,0.02893810442508823,0.010355367675839782,0.7393496138920044,0.002893810442508815,0.0010355367675839752,2.6416660529364577,0.017049718157431008,0.006101163286167849,34995.6,510.1162544983724,182.54275729868576,3.4995600000000002,0.051011625449837256,0.018254275729868583,0.0,0.0,0.0,0.06666666666666667,0.2537081317024624,0.09078828894720775,0.08884599851003848,0.020683139704913707,0.007401366488589162,0.0,0.0,0.0,4.99998,7.611243951078668e-05,2.7236486684179483e-05,high_congestion_baseline,0.9997101450907359
high_congestion_cb_opaque_ratio08_halt5,circuit_breaker,high_congestion,linear_share,30,10000,10,5,8,0.8,5,0.0,False,7.395392047829132,0.02554877322499868,0.009142511082451649,0.7395392047829131,0.0025548773224998555,0.0009142511082451603,2.6426786687696078,0.016848010603642227,0.0060289831650447035,35030.066666666666,498.5284506344187,178.39611494077354,3.5030066666666664,0.04985284506344189,0.01783961149407736,0.7,2.6671694928234833,0.9544343453272363,0.06666666666666667,0.2537081317024624,0.09078828894720775,0.08858437494439816,0.02078170960630328,0.007436639274797486,0.0,0.0,0.0,4.9999666666666664,0.0001268540658511609,4.539414447357871e-05,high_congestion_baseline,0.9999665000458167
high_congestion_cb_transparent_ratio08_halt5,circuit_breaker,high_congestion,linear_share,30,10000,10,5,8,0.8,5,0.0,True,7.396565308523574,0.0243083554367921,0.00869863327760846,0.7396565308523573,0.0024308355436791994,0.0008698633277608422,2.6426026264897855,0.01809436249242164,0.006474984460506159,35019.666666666664,493.7462934532781,176.68484197116481,3.5019666666666667,0.049374629345327825,0.017668484197116488,0.0,0.0,0.0,0.06666666666666667,0.2537081317024624,0.09078828894720775,0.08845747360801086,0.020857474351991416,0.007463751340845149,0.0,0.0,0.0,4.9999666666666664,0.0001268540658511609,4.539414447357871e-05,high_congestion_baseline,1.000125142262845
high_congestion_cb_opaque_ratio08_halt10,circuit_breaker,high_congestion,linear_share,30,10000,10,5,8,0.8,10,0.0,False,7.3982046715733825,0.027246641214210297,0.009750085339391647,0.7398204671573383,0.002724664121421027,0.0009750085339391636,2.642746025932068,0.017104490501072458,0.006120763317619214,35037.5,505.55103088371425,180.90911300886745,3.5037499999999997,0.05055510308837144,0.018090911300886747,1.4,5.327870765751712,1.906554067891363,0.06666666666666667,0.2537081317024624,0.09078828894720775,0.08861930989151352,0.02076263659739639,0.00742981408621519,0.0,0.0,0.0,4.999933333333333,0.00025370813170254715,9.078828894723806e-05,high_congestion_baseline,1.000346808419368
high_congestion_cb_transparent_ratio08_halt10,circuit_breaker,high_congestion,linear_share,30,10000,10,5,8,0.8,10,0.0,True,7.397487592631818,0.024428333742651288,0.008741566962968277,0.7397487592631818,0.0024428333742651204,0.0008741566962968246,2.6420387064727135,0.016474282482822282,0.005895246274575265,35023.13333333333,493.9231221300666,176.74811930049083,3.5023133333333334,0.04939231221300667,0.017674811930049085,0.0,0.0,0.0,0.06666666666666667,0.2537081317024624,0.09078828894720775,0.0885462808971039,0.020803167723355033,0.007444317963368028,0.0,0.0,0.0,4.999933333333333,0.00025370813170254715,9.078828894723806e-05,high_congestion_baseline,1.0002498487294942
